ano (uid);ano (nome);local (uid);local (nome);indicador (uid);indicador (nome);categoria (uid);categoria (nome);estatistica (uid);estatistica (nome);lococor (uid);lococor (nome);atestante (uid);atestante (nome);grupoetario (uid);grupoetario (nome);racacor (uid);racacor (nome);sexo (uid);sexo (nome);abrangencia (uid);abrangencia (nome);localidade (uid);localidade (nome);Janeiro;Fevereiro;Março;Abril;Maio;Junho;Julho;Agosto;Setembro;Outubro;Novembro;Dezembro;Ano
2024;2024*;1;Óbitos por residência;400001;Causas evitáveis;1;Notificação de óbitos infantis e fetais;1;Número de óbitos;1;Hospital;0;Todos;4006;Infantil;0;Todos;0;Todos;1;País;76;Brasil;1.587;1.476;1.586;1.652;1.719;1.501;1.499;1.410;1.363;1.395;1.244;736;17.168
2024;2024*;1;Óbitos por residência;400001;Causas evitáveis;1;Notificação de óbitos infantis e fetais;1;Número de óbitos;1;Hospital;0;Todos;4006;Infantil;0;Todos;0;Todos;2;Região;1;Norte;200;196;189;205;212;197;190;215;193;183;190;119;2.289
2024;2024*;1;Óbitos por residência;400001;Causas evitáveis;1;Notificação de óbitos infantis e fetais;1;Número de óbitos;1;Hospital;0;Todos;4006;Infantil;0;Todos;0;Todos;3;Unidade da federação;11;Rondônia;16;16;15;15;26;7;18;12;14;9;20;15;183
2024;2024*;1;Óbitos por residência;400001;Causas evitáveis;1;Notificação de óbitos infantis e fetais;1;Número de óbitos;1;Hospital;0;Todos;4006;Infantil;0;Todos;0;Todos;3;Unidade da federação;12;Acre;6;11;13;10;10;8;14;9;11;13;8;4;117
2024;2024*;1;Óbitos por residência;400001;Causas evitáveis;1;Notificação de óbitos infantis e fetais;1;Número de óbitos;1;Hospital;0;Todos;4006;Infantil;0;Todos;0;Todos;3;Unidade da federação;13;Amazonas;44;49;47;43;47;59;42;44;49;40;41;17;522
2024;2024*;1;Óbitos por residência;400001;Causas evitáveis;1;Notificação de óbitos infantis e fetais;1;Número de óbitos;1;Hospital;0;Todos;4006;Infantil;0;Todos;0;Todos;3;Unidade da federação;14;Roraima;11;10;6;6;11;8;11;13;10;6;13;2;107
2024;2024*;1;Óbitos por residência;400001;Causas evitáveis;1;Notificação de óbitos infantis e fetais;1;Número de óbitos;1;Hospital;0;Todos;4006;Infantil;0;Todos;0;Todos;3;Unidade da federação;15;Pará;97;87;87;102;90;87;78;108;84;93;84;58;1.055
2024;2024*;1;Óbitos por residência;400001;Causas evitáveis;1;Notificação de óbitos infantis e fetais;1;Número de óbitos;1;Hospital;0;Todos;4006;Infantil;0;Todos;0;Todos;3;Unidade da federação;16;Amapá;7;11;8;14;10;15;9;13;11;13;9;8;128
2024;2024*;1;Óbitos por residência;400001;Causas evitáveis;1;Notificação de óbitos infantis e fetais;1;Número de óbitos;1;Hospital;0;Todos;4006;Infantil;0;Todos;0;Todos;3;Unidade da federação;17;Tocantins;19;12;13;15;18;13;18;16;14;9;15;15;177
2024;2024*;1;Óbitos por residência;400001;Causas evitáveis;1;Notificação de óbitos infantis e fetais;1;Número de óbitos;1;Hospital;0;Todos;4006;Infantil;0;Todos;0;Todos;2;Região;2;Nordeste;471;470;510;500;544;489;482;430;408;413;382;208;5.307
2024;2024*;1;Óbitos por residência;400001;Causas evitáveis;1;Notificação de óbitos infantis e fetais;1;Número de óbitos;1;Hospital;0;Todos;4006;Infantil;0;Todos;0;Todos;3;Unidade da federação;21;Maranhão;57;68;59;70;60;75;68;71;61;59;66;36;750
2024;2024*;1;Óbitos por residência;400001;Causas evitáveis;1;Notificação de óbitos infantis e fetais;1;Número de óbitos;1;Hospital;0;Todos;4006;Infantil;0;Todos;0;Todos;3;Unidade da federação;22;Piauí;26;26;41;33;25;20;31;21;38;26;16;33;336
2024;2024*;1;Óbitos por residência;400001;Causas evitáveis;1;Notificação de óbitos infantis e fetais;1;Número de óbitos;1;Hospital;0;Todos;4006;Infantil;0;Todos;0;Todos;3;Unidade da federação;23;Ceará;63;42;71;54;67;59;66;58;54;56;61;21;672
2024;2024*;1;Óbitos por residência;400001;Causas evitáveis;1;Notificação de óbitos infantis e fetais;1;Número de óbitos;1;Hospital;0;Todos;4006;Infantil;0;Todos;0;Todos;3;Unidade da federação;24;Rio Grande do Norte;30;24;29;25;25;29;23;32;28;19;23;14;301
2024;2024*;1;Óbitos por residência;400001;Causas evitáveis;1;Notificação de óbitos infantis e fetais;1;Número de óbitos;1;Hospital;0;Todos;4006;Infantil;0;Todos;0;Todos;3;Unidade da federação;25;Paraíba;37;42;33;32;34;31;31;39;19;27;28;17;370
2024;2024*;1;Óbitos por residência;400001;Causas evitáveis;1;Notificação de óbitos infantis e fetais;1;Número de óbitos;1;Hospital;0;Todos;4006;Infantil;0;Todos;0;Todos;3;Unidade da federação;26;Pernambuco;63;89;82;95;110;93;69;72;56;60;45;17;851
2024;2024*;1;Óbitos por residência;400001;Causas evitáveis;1;Notificação de óbitos infantis e fetais;1;Número de óbitos;1;Hospital;0;Todos;4006;Infantil;0;Todos;0;Todos;3;Unidade da federação;27;Alagoas;44;27;35;37;47;38;46;31;33;30;29;13;410
2024;2024*;1;Óbitos por residência;400001;Causas evitáveis;1;Notificação de óbitos infantis e fetais;1;Número de óbitos;1;Hospital;0;Todos;4006;Infantil;0;Todos;0;Todos;3;Unidade da federação;28;Sergipe;26;19;22;18;29;23;25;15;21;18;17;5;238
2024;2024*;1;Óbitos por residência;400001;Causas evitáveis;1;Notificação de óbitos infantis e fetais;1;Número de óbitos;1;Hospital;0;Todos;4006;Infantil;0;Todos;0;Todos;3;Unidade da federação;29;Bahia;125;133;138;136;147;121;123;91;98;118;97;52;1.379
2024;2024*;1;Óbitos por residência;400001;Causas evitáveis;1;Notificação de óbitos infantis e fetais;1;Número de óbitos;1;Hospital;0;Todos;4006;Infantil;0;Todos;0;Todos;2;Região;3;Sudeste;601;512;571;604;626;524;533;489;503;506;435;233;6.137
2024;2024*;1;Óbitos por residência;400001;Causas evitáveis;1;Notificação de óbitos infantis e fetais;1;Número de óbitos;1;Hospital;0;Todos;4006;Infantil;0;Todos;0;Todos;3;Unidade da federação;31;Minas Gerais;146;106;126;159;151;122;122;119;109;128;75;25;1.388
2024;2024*;1;Óbitos por residência;400001;Causas evitáveis;1;Notificação de óbitos infantis e fetais;1;Número de óbitos;1;Hospital;0;Todos;4006;Infantil;0;Todos;0;Todos;3;Unidade da federação;32;Espírito Santo;29;23;36;37;30;19;19;32;33;28;29;4;319
2024;2024*;1;Óbitos por residência;400001;Causas evitáveis;1;Notificação de óbitos infantis e fetais;1;Número de óbitos;1;Hospital;0;Todos;4006;Infantil;0;Todos;0;Todos;3;Unidade da federação;33;Rio de Janeiro;133;121;117;132;146;106;105;93;93;93;83;56;1.278
2024;2024*;1;Óbitos por residência;400001;Causas evitáveis;1;Notificação de óbitos infantis e fetais;1;Número de óbitos;1;Hospital;0;Todos;4006;Infantil;0;Todos;0;Todos;3;Unidade da federação;35;São Paulo;293;262;292;276;299;277;287;245;268;257;248;148;3.152
2024;2024*;1;Óbitos por residência;400001;Causas evitáveis;1;Notificação de óbitos infantis e fetais;1;Número de óbitos;1;Hospital;0;Todos;4006;Infantil;0;Todos;0;Todos;2;Região;4;Sul;182;182;188;205;207;162;163;161;151;153;133;124;2.011
2024;2024*;1;Óbitos por residência;400001;Causas evitáveis;1;Notificação de óbitos infantis e fetais;1;Número de óbitos;1;Hospital;0;Todos;4006;Infantil;0;Todos;0;Todos;3;Unidade da federação;41;Paraná;78;70;72;74;83;52;63;69;57;69;55;57;799
2024;2024*;1;Óbitos por residência;400001;Causas evitáveis;1;Notificação de óbitos infantis e fetais;1;Número de óbitos;1;Hospital;0;Todos;4006;Infantil;0;Todos;0;Todos;3;Unidade da federação;42;Santa Catarina;51;48;49;62;59;55;40;46;42;45;34;27;558
2024;2024*;1;Óbitos por residência;400001;Causas evitáveis;1;Notificação de óbitos infantis e fetais;1;Número de óbitos;1;Hospital;0;Todos;4006;Infantil;0;Todos;0;Todos;3;Unidade da federação;43;Rio Grande do Sul;53;64;67;69;65;55;60;46;52;39;44;40;654
2024;2024*;1;Óbitos por residência;400001;Causas evitáveis;1;Notificação de óbitos infantis e fetais;1;Número de óbitos;1;Hospital;0;Todos;4006;Infantil;0;Todos;0;Todos;2;Região;5;Centro-Oeste;133;116;128;138;130;129;131;115;108;140;104;52;1.424
2024;2024*;1;Óbitos por residência;400001;Causas evitáveis;1;Notificação de óbitos infantis e fetais;1;Número de óbitos;1;Hospital;0;Todos;4006;Infantil;0;Todos;0;Todos;3;Unidade da federação;50;Mato Grosso do Sul;18;22;21;15;24;19;25;20;15;26;19;11;235
2024;2024*;1;Óbitos por residência;400001;Causas evitáveis;1;Notificação de óbitos infantis e fetais;1;Número de óbitos;1;Hospital;0;Todos;4006;Infantil;0;Todos;0;Todos;3;Unidade da federação;51;Mato Grosso;35;34;39;37;30;45;36;42;35;40;32;15;420
2024;2024*;1;Óbitos por residência;400001;Causas evitáveis;1;Notificação de óbitos infantis e fetais;1;Número de óbitos;1;Hospital;0;Todos;4006;Infantil;0;Todos;0;Todos;3;Unidade da federação;52;Goiás;62;48;52;61;51;44;55;42;43;53;38;19;568
2024;2024*;1;Óbitos por residência;400001;Causas evitáveis;1;Notificação de óbitos infantis e fetais;1;Número de óbitos;1;Hospital;0;Todos;4006;Infantil;0;Todos;0;Todos;3;Unidade da federação;53;Distrito Federal;18;12;16;25;25;21;15;11;15;21;15;7;201
2024;2024*;1;Óbitos por residência;400001;Causas evitáveis;1;Notificação de óbitos infantis e fetais;1;Número de óbitos;2;Outros estabelecimentos de saúde;0;Todos;4006;Infantil;0;Todos;0;Todos;1;País;76;Brasil;27;35;46;53;63;34;35;52;46;37;28;15;471
2024;2024*;1;Óbitos por residência;400001;Causas evitáveis;1;Notificação de óbitos infantis e fetais;1;Número de óbitos;2;Outros estabelecimentos de saúde;0;Todos;4006;Infantil;0;Todos;0;Todos;2;Região;1;Norte;4;4;2;5;3;5;1;5;5;4;4;0;42
2024;2024*;1;Óbitos por residência;400001;Causas evitáveis;1;Notificação de óbitos infantis e fetais;1;Número de óbitos;2;Outros estabelecimentos de saúde;0;Todos;4006;Infantil;0;Todos;0;Todos;3;Unidade da federação;11;Rondônia;0;0;0;0;0;0;1;0;0;0;0;0;1
2024;2024*;1;Óbitos por residência;400001;Causas evitáveis;1;Notificação de óbitos infantis e fetais;1;Número de óbitos;2;Outros estabelecimentos de saúde;0;Todos;4006;Infantil;0;Todos;0;Todos;3;Unidade da federação;12;Acre;0;0;0;0;0;0;0;0;0;0;0;0;0
2024;2024*;1;Óbitos por residência;400001;Causas evitáveis;1;Notificação de óbitos infantis e fetais;1;Número de óbitos;2;Outros estabelecimentos de saúde;0;Todos;4006;Infantil;0;Todos;0;Todos;3;Unidade da federação;13;Amazonas;0;2;0;2;1;0;0;0;0;0;0;0;5
2024;2024*;1;Óbitos por residência;400001;Causas evitáveis;1;Notificação de óbitos infantis e fetais;1;Número de óbitos;2;Outros estabelecimentos de saúde;0;Todos;4006;Infantil;0;Todos;0;Todos;3;Unidade da federação;14;Roraima;1;1;0;0;0;1;0;1;1;1;0;0;6
2024;2024*;1;Óbitos por residência;400001;Causas evitáveis;1;Notificação de óbitos infantis e fetais;1;Número de óbitos;2;Outros estabelecimentos de saúde;0;Todos;4006;Infantil;0;Todos;0;Todos;3;Unidade da federação;15;Pará;3;1;2;3;2;4;0;4;4;3;3;0;29
2024;2024*;1;Óbitos por residência;400001;Causas evitáveis;1;Notificação de óbitos infantis e fetais;1;Número de óbitos;2;Outros estabelecimentos de saúde;0;Todos;4006;Infantil;0;Todos;0;Todos;3;Unidade da federação;16;Amapá;0;0;0;0;0;0;0;0;0;0;0;0;0
2024;2024*;1;Óbitos por residência;400001;Causas evitáveis;1;Notificação de óbitos infantis e fetais;1;Número de óbitos;2;Outros estabelecimentos de saúde;0;Todos;4006;Infantil;0;Todos;0;Todos;3;Unidade da federação;17;Tocantins;0;0;0;0;0;0;0;0;0;0;1;0;1
2024;2024*;1;Óbitos por residência;400001;Causas evitáveis;1;Notificação de óbitos infantis e fetais;1;Número de óbitos;2;Outros estabelecimentos de saúde;0;Todos;4006;Infantil;0;Todos;0;Todos;2;Região;2;Nordeste;6;4;18;10;27;6;4;10;9;6;5;3;108
2024;2024*;1;Óbitos por residência;400001;Causas evitáveis;1;Notificação de óbitos infantis e fetais;1;Número de óbitos;2;Outros estabelecimentos de saúde;0;Todos;4006;Infantil;0;Todos;0;Todos;3;Unidade da federação;21;Maranhão;1;3;1;0;2;1;1;0;1;1;0;0;11
2024;2024*;1;Óbitos por residência;400001;Causas evitáveis;1;Notificação de óbitos infantis e fetais;1;Número de óbitos;2;Outros estabelecimentos de saúde;0;Todos;4006;Infantil;0;Todos;0;Todos;3;Unidade da federação;22;Piauí;0;0;1;0;1;0;0;0;0;0;0;0;2
2024;2024*;1;Óbitos por residência;400001;Causas evitáveis;1;Notificação de óbitos infantis e fetais;1;Número de óbitos;2;Outros estabelecimentos de saúde;0;Todos;4006;Infantil;0;Todos;0;Todos;3;Unidade da federação;23;Ceará;0;0;2;0;2;0;0;1;0;0;1;0;6
2024;2024*;1;Óbitos por residência;400001;Causas evitáveis;1;Notificação de óbitos infantis e fetais;1;Número de óbitos;2;Outros estabelecimentos de saúde;0;Todos;4006;Infantil;0;Todos;0;Todos;3;Unidade da federação;24;Rio Grande do Norte;0;0;1;1;1;0;0;0;1;2;0;0;6
2024;2024*;1;Óbitos por residência;400001;Causas evitáveis;1;Notificação de óbitos infantis e fetais;1;Número de óbitos;2;Outros estabelecimentos de saúde;0;Todos;4006;Infantil;0;Todos;0;Todos;3;Unidade da federação;25;Paraíba;0;0;1;1;0;0;0;1;0;0;0;0;3
2024;2024*;1;Óbitos por residência;400001;Causas evitáveis;1;Notificação de óbitos infantis e fetais;1;Número de óbitos;2;Outros estabelecimentos de saúde;0;Todos;4006;Infantil;0;Todos;0;Todos;3;Unidade da federação;26;Pernambuco;2;1;1;4;13;1;2;3;4;3;1;0;35
2024;2024*;1;Óbitos por residência;400001;Causas evitáveis;1;Notificação de óbitos infantis e fetais;1;Número de óbitos;2;Outros estabelecimentos de saúde;0;Todos;4006;Infantil;0;Todos;0;Todos;3;Unidade da federação;27;Alagoas;1;0;2;1;4;1;0;0;1;0;1;0;11
2024;2024*;1;Óbitos por residência;400001;Causas evitáveis;1;Notificação de óbitos infantis e fetais;1;Número de óbitos;2;Outros estabelecimentos de saúde;0;Todos;4006;Infantil;0;Todos;0;Todos;3;Unidade da federação;28;Sergipe;0;0;0;0;0;0;1;0;1;0;0;0;2
2024;2024*;1;Óbitos por residência;400001;Causas evitáveis;1;Notificação de óbitos infantis e fetais;1;Número de óbitos;2;Outros estabelecimentos de saúde;0;Todos;4006;Infantil;0;Todos;0;Todos;3;Unidade da federação;29;Bahia;2;0;9;3;4;3;0;5;1;0;2;3;32
2024;2024*;1;Óbitos por residência;400001;Causas evitáveis;1;Notificação de óbitos infantis e fetais;1;Número de óbitos;2;Outros estabelecimentos de saúde;0;Todos;4006;Infantil;0;Todos;0;Todos;2;Região;3;Sudeste;12;22;19;23;25;18;22;28;23;22;13;11;238
2024;2024*;1;Óbitos por residência;400001;Causas evitáveis;1;Notificação de óbitos infantis e fetais;1;Número de óbitos;2;Outros estabelecimentos de saúde;0;Todos;4006;Infantil;0;Todos;0;Todos;3;Unidade da federação;31;Minas Gerais;1;2;4;4;6;2;2;3;5;6;2;2;39
2024;2024*;1;Óbitos por residência;400001;Causas evitáveis;1;Notificação de óbitos infantis e fetais;1;Número de óbitos;2;Outros estabelecimentos de saúde;0;Todos;4006;Infantil;0;Todos;0;Todos;3;Unidade da federação;32;Espírito Santo;0;0;3;4;3;0;2;6;3;2;1;0;24
2024;2024*;1;Óbitos por residência;400001;Causas evitáveis;1;Notificação de óbitos infantis e fetais;1;Número de óbitos;2;Outros estabelecimentos de saúde;0;Todos;4006;Infantil;0;Todos;0;Todos;3;Unidade da federação;33;Rio de Janeiro;5;10;4;8;9;9;11;8;9;7;6;6;92
2024;2024*;1;Óbitos por residência;400001;Causas evitáveis;1;Notificação de óbitos infantis e fetais;1;Número de óbitos;2;Outros estabelecimentos de saúde;0;Todos;4006;Infantil;0;Todos;0;Todos;3;Unidade da federação;35;São Paulo;6;10;8;7;7;7;7;11;6;7;4;3;83
2024;2024*;1;Óbitos por residência;400001;Causas evitáveis;1;Notificação de óbitos infantis e fetais;1;Número de óbitos;2;Outros estabelecimentos de saúde;0;Todos;4006;Infantil;0;Todos;0;Todos;2;Região;4;Sul;2;2;3;4;4;5;5;5;8;3;5;1;47
2024;2024*;1;Óbitos por residência;400001;Causas evitáveis;1;Notificação de óbitos infantis e fetais;1;Número de óbitos;2;Outros estabelecimentos de saúde;0;Todos;4006;Infantil;0;Todos;0;Todos;3;Unidade da federação;41;Paraná;0;2;2;1;3;5;3;4;5;3;3;0;31
2024;2024*;1;Óbitos por residência;400001;Causas evitáveis;1;Notificação de óbitos infantis e fetais;1;Número de óbitos;2;Outros estabelecimentos de saúde;0;Todos;4006;Infantil;0;Todos;0;Todos;3;Unidade da federação;42;Santa Catarina;0;0;1;1;1;0;0;0;2;0;1;1;7
2024;2024*;1;Óbitos por residência;400001;Causas evitáveis;1;Notificação de óbitos infantis e fetais;1;Número de óbitos;2;Outros estabelecimentos de saúde;0;Todos;4006;Infantil;0;Todos;0;Todos;3;Unidade da federação;43;Rio Grande do Sul;2;0;0;2;0;0;2;1;1;0;1;0;9
2024;2024*;1;Óbitos por residência;400001;Causas evitáveis;1;Notificação de óbitos infantis e fetais;1;Número de óbitos;2;Outros estabelecimentos de saúde;0;Todos;4006;Infantil;0;Todos;0;Todos;2;Região;5;Centro-Oeste;3;3;4;11;4;0;3;4;1;2;1;0;36
2024;2024*;1;Óbitos por residência;400001;Causas evitáveis;1;Notificação de óbitos infantis e fetais;1;Número de óbitos;2;Outros estabelecimentos de saúde;0;Todos;4006;Infantil;0;Todos;0;Todos;3;Unidade da federação;50;Mato Grosso do Sul;0;1;0;3;1;0;1;1;0;2;1;0;10
2024;2024*;1;Óbitos por residência;400001;Causas evitáveis;1;Notificação de óbitos infantis e fetais;1;Número de óbitos;2;Outros estabelecimentos de saúde;0;Todos;4006;Infantil;0;Todos;0;Todos;3;Unidade da federação;51;Mato Grosso;1;2;1;3;2;0;1;1;0;0;0;0;11
2024;2024*;1;Óbitos por residência;400001;Causas evitáveis;1;Notificação de óbitos infantis e fetais;1;Número de óbitos;2;Outros estabelecimentos de saúde;0;Todos;4006;Infantil;0;Todos;0;Todos;3;Unidade da federação;52;Goiás;2;0;1;3;1;0;1;1;1;0;0;0;10
2024;2024*;1;Óbitos por residência;400001;Causas evitáveis;1;Notificação de óbitos infantis e fetais;1;Número de óbitos;2;Outros estabelecimentos de saúde;0;Todos;4006;Infantil;0;Todos;0;Todos;3;Unidade da federação;53;Distrito Federal;0;0;2;2;0;0;0;1;0;0;0;0;5
2024;2024*;1;Óbitos por residência;400001;Causas evitáveis;1;Notificação de óbitos infantis e fetais;1;Número de óbitos;3;Domicílio;0;Todos;4006;Infantil;0;Todos;0;Todos;1;País;76;Brasil;55;50;47;48;55;38;49;44;42;39;37;16;520
2024;2024*;1;Óbitos por residência;400001;Causas evitáveis;1;Notificação de óbitos infantis e fetais;1;Número de óbitos;3;Domicílio;0;Todos;4006;Infantil;0;Todos;0;Todos;2;Região;1;Norte;11;16;12;9;15;4;9;8;13;10;10;2;119
2024;2024*;1;Óbitos por residência;400001;Causas evitáveis;1;Notificação de óbitos infantis e fetais;1;Número de óbitos;3;Domicílio;0;Todos;4006;Infantil;0;Todos;0;Todos;3;Unidade da federação;11;Rondônia;0;0;0;0;2;0;0;1;0;0;1;1;5
2024;2024*;1;Óbitos por residência;400001;Causas evitáveis;1;Notificação de óbitos infantis e fetais;1;Número de óbitos;3;Domicílio;0;Todos;4006;Infantil;0;Todos;0;Todos;3;Unidade da federação;12;Acre;1;3;0;1;0;0;0;0;1;0;1;0;7
2024;2024*;1;Óbitos por residência;400001;Causas evitáveis;1;Notificação de óbitos infantis e fetais;1;Número de óbitos;3;Domicílio;0;Todos;4006;Infantil;0;Todos;0;Todos;3;Unidade da federação;13;Amazonas;4;5;4;2;6;0;2;1;1;6;3;0;34
2024;2024*;1;Óbitos por residência;400001;Causas evitáveis;1;Notificação de óbitos infantis e fetais;1;Número de óbitos;3;Domicílio;0;Todos;4006;Infantil;0;Todos;0;Todos;3;Unidade da federação;14;Roraima;3;4;2;1;1;0;1;0;3;2;1;0;18
2024;2024*;1;Óbitos por residência;400001;Causas evitáveis;1;Notificação de óbitos infantis e fetais;1;Número de óbitos;3;Domicílio;0;Todos;4006;Infantil;0;Todos;0;Todos;3;Unidade da federação;15;Pará;3;3;5;5;5;3;4;3;8;1;2;1;43
2024;2024*;1;Óbitos por residência;400001;Causas evitáveis;1;Notificação de óbitos infantis e fetais;1;Número de óbitos;3;Domicílio;0;Todos;4006;Infantil;0;Todos;0;Todos;3;Unidade da federação;16;Amapá;0;1;0;0;1;0;2;1;0;1;0;0;6
2024;2024*;1;Óbitos por residência;400001;Causas evitáveis;1;Notificação de óbitos infantis e fetais;1;Número de óbitos;3;Domicílio;0;Todos;4006;Infantil;0;Todos;0;Todos;3;Unidade da federação;17;Tocantins;0;0;1;0;0;1;0;2;0;0;2;0;6
2024;2024*;1;Óbitos por residência;400001;Causas evitáveis;1;Notificação de óbitos infantis e fetais;1;Número de óbitos;3;Domicílio;0;Todos;4006;Infantil;0;Todos;0;Todos;2;Região;2;Nordeste;23;21;13;13;14;10;13;8;9;11;8;6;149
2024;2024*;1;Óbitos por residência;400001;Causas evitáveis;1;Notificação de óbitos infantis e fetais;1;Número de óbitos;3;Domicílio;0;Todos;4006;Infantil;0;Todos;0;Todos;3;Unidade da federação;21;Maranhão;2;4;8;3;4;2;1;0;4;0;2;2;32
2024;2024*;1;Óbitos por residência;400001;Causas evitáveis;1;Notificação de óbitos infantis e fetais;1;Número de óbitos;3;Domicílio;0;Todos;4006;Infantil;0;Todos;0;Todos;3;Unidade da federação;22;Piauí;4;3;0;1;4;0;2;1;0;4;1;1;21
2024;2024*;1;Óbitos por residência;400001;Causas evitáveis;1;Notificação de óbitos infantis e fetais;1;Número de óbitos;3;Domicílio;0;Todos;4006;Infantil;0;Todos;0;Todos;3;Unidade da federação;23;Ceará;2;3;1;1;1;0;0;2;2;0;0;1;13
2024;2024*;1;Óbitos por residência;400001;Causas evitáveis;1;Notificação de óbitos infantis e fetais;1;Número de óbitos;3;Domicílio;0;Todos;4006;Infantil;0;Todos;0;Todos;3;Unidade da federação;24;Rio Grande do Norte;2;0;2;0;0;0;0;0;1;1;0;0;6
2024;2024*;1;Óbitos por residência;400001;Causas evitáveis;1;Notificação de óbitos infantis e fetais;1;Número de óbitos;3;Domicílio;0;Todos;4006;Infantil;0;Todos;0;Todos;3;Unidade da federação;25;Paraíba;1;1;0;1;0;1;1;1;1;2;0;2;11
2024;2024*;1;Óbitos por residência;400001;Causas evitáveis;1;Notificação de óbitos infantis e fetais;1;Número de óbitos;3;Domicílio;0;Todos;4006;Infantil;0;Todos;0;Todos;3;Unidade da federação;26;Pernambuco;3;2;0;3;3;4;3;1;0;0;4;0;23
2024;2024*;1;Óbitos por residência;400001;Causas evitáveis;1;Notificação de óbitos infantis e fetais;1;Número de óbitos;3;Domicílio;0;Todos;4006;Infantil;0;Todos;0;Todos;3;Unidade da federação;27;Alagoas;2;0;1;2;1;1;2;1;0;1;0;0;11
2024;2024*;1;Óbitos por residência;400001;Causas evitáveis;1;Notificação de óbitos infantis e fetais;1;Número de óbitos;3;Domicílio;0;Todos;4006;Infantil;0;Todos;0;Todos;3;Unidade da federação;28;Sergipe;1;1;0;1;1;0;0;1;0;1;0;0;6
2024;2024*;1;Óbitos por residência;400001;Causas evitáveis;1;Notificação de óbitos infantis e fetais;1;Número de óbitos;3;Domicílio;0;Todos;4006;Infantil;0;Todos;0;Todos;3;Unidade da federação;29;Bahia;6;7;1;1;0;2;4;1;1;2;1;0;26
2024;2024*;1;Óbitos por residência;400001;Causas evitáveis;1;Notificação de óbitos infantis e fetais;1;Número de óbitos;3;Domicílio;0;Todos;4006;Infantil;0;Todos;0;Todos;2;Região;3;Sudeste;10;7;12;15;20;8;12;10;14;13;16;5;142
2024;2024*;1;Óbitos por residência;400001;Causas evitáveis;1;Notificação de óbitos infantis e fetais;1;Número de óbitos;3;Domicílio;0;Todos;4006;Infantil;0;Todos;0;Todos;3;Unidade da federação;31;Minas Gerais;4;1;4;6;7;5;2;0;4;6;0;0;39
2024;2024*;1;Óbitos por residência;400001;Causas evitáveis;1;Notificação de óbitos infantis e fetais;1;Número de óbitos;3;Domicílio;0;Todos;4006;Infantil;0;Todos;0;Todos;3;Unidade da federação;32;Espírito Santo;1;1;0;3;3;0;4;1;1;0;2;1;17
2024;2024*;1;Óbitos por residência;400001;Causas evitáveis;1;Notificação de óbitos infantis e fetais;1;Número de óbitos;3;Domicílio;0;Todos;4006;Infantil;0;Todos;0;Todos;3;Unidade da federação;33;Rio de Janeiro;3;2;2;1;0;1;1;3;1;0;4;2;20
2024;2024*;1;Óbitos por residência;400001;Causas evitáveis;1;Notificação de óbitos infantis e fetais;1;Número de óbitos;3;Domicílio;0;Todos;4006;Infantil;0;Todos;0;Todos;3;Unidade da federação;35;São Paulo;2;3;6;5;10;2;5;6;8;7;10;2;66
2024;2024*;1;Óbitos por residência;400001;Causas evitáveis;1;Notificação de óbitos infantis e fetais;1;Número de óbitos;3;Domicílio;0;Todos;4006;Infantil;0;Todos;0;Todos;2;Região;4;Sul;4;3;4;0;4;9;6;9;2;1;1;2;45
2024;2024*;1;Óbitos por residência;400001;Causas evitáveis;1;Notificação de óbitos infantis e fetais;1;Número de óbitos;3;Domicílio;0;Todos;4006;Infantil;0;Todos;0;Todos;3;Unidade da federação;41;Paraná;3;2;3;0;3;2;2;4;0;1;0;0;20
2024;2024*;1;Óbitos por residência;400001;Causas evitáveis;1;Notificação de óbitos infantis e fetais;1;Número de óbitos;3;Domicílio;0;Todos;4006;Infantil;0;Todos;0;Todos;3;Unidade da federação;42;Santa Catarina;0;1;1;0;1;3;1;2;0;0;0;1;10
2024;2024*;1;Óbitos por residência;400001;Causas evitáveis;1;Notificação de óbitos infantis e fetais;1;Número de óbitos;3;Domicílio;0;Todos;4006;Infantil;0;Todos;0;Todos;3;Unidade da federação;43;Rio Grande do Sul;1;0;0;0;0;4;3;3;2;0;1;1;15
2024;2024*;1;Óbitos por residência;400001;Causas evitáveis;1;Notificação de óbitos infantis e fetais;1;Número de óbitos;3;Domicílio;0;Todos;4006;Infantil;0;Todos;0;Todos;2;Região;5;Centro-Oeste;7;3;6;11;2;7;9;9;4;4;2;1;65
2024;2024*;1;Óbitos por residência;400001;Causas evitáveis;1;Notificação de óbitos infantis e fetais;1;Número de óbitos;3;Domicílio;0;Todos;4006;Infantil;0;Todos;0;Todos;3;Unidade da federação;50;Mato Grosso do Sul;5;0;2;5;1;2;3;5;2;3;1;1;30
2024;2024*;1;Óbitos por residência;400001;Causas evitáveis;1;Notificação de óbitos infantis e fetais;1;Número de óbitos;3;Domicílio;0;Todos;4006;Infantil;0;Todos;0;Todos;3;Unidade da federação;51;Mato Grosso;1;1;1;4;0;1;2;3;2;0;1;0;16
2024;2024*;1;Óbitos por residência;400001;Causas evitáveis;1;Notificação de óbitos infantis e fetais;1;Número de óbitos;3;Domicílio;0;Todos;4006;Infantil;0;Todos;0;Todos;3;Unidade da federação;52;Goiás;1;2;3;2;1;4;3;0;0;1;0;0;17
2024;2024*;1;Óbitos por residência;400001;Causas evitáveis;1;Notificação de óbitos infantis e fetais;1;Número de óbitos;3;Domicílio;0;Todos;4006;Infantil;0;Todos;0;Todos;3;Unidade da federação;53;Distrito Federal;0;0;0;0;0;0;1;1;0;0;0;0;2
2024;2024*;1;Óbitos por residência;400001;Causas evitáveis;1;Notificação de óbitos infantis e fetais;1;Número de óbitos;4;Via pública;0;Todos;4006;Infantil;0;Todos;0;Todos;1;País;76;Brasil;14;6;11;7;10;8;8;9;10;6;8;4;101
2024;2024*;1;Óbitos por residência;400001;Causas evitáveis;1;Notificação de óbitos infantis e fetais;1;Número de óbitos;4;Via pública;0;Todos;4006;Infantil;0;Todos;0;Todos;2;Região;1;Norte;6;2;4;3;2;2;3;1;1;1;1;1;27
2024;2024*;1;Óbitos por residência;400001;Causas evitáveis;1;Notificação de óbitos infantis e fetais;1;Número de óbitos;4;Via pública;0;Todos;4006;Infantil;0;Todos;0;Todos;3;Unidade da federação;11;Rondônia;0;0;1;0;0;0;0;0;0;0;0;0;1
2024;2024*;1;Óbitos por residência;400001;Causas evitáveis;1;Notificação de óbitos infantis e fetais;1;Número de óbitos;4;Via pública;0;Todos;4006;Infantil;0;Todos;0;Todos;3;Unidade da federação;12;Acre;1;0;0;0;0;1;1;1;0;0;0;0;4
2024;2024*;1;Óbitos por residência;400001;Causas evitáveis;1;Notificação de óbitos infantis e fetais;1;Número de óbitos;4;Via pública;0;Todos;4006;Infantil;0;Todos;0;Todos;3;Unidade da federação;13;Amazonas;1;1;0;1;0;1;0;0;0;0;0;0;4
2024;2024*;1;Óbitos por residência;400001;Causas evitáveis;1;Notificação de óbitos infantis e fetais;1;Número de óbitos;4;Via pública;0;Todos;4006;Infantil;0;Todos;0;Todos;3;Unidade da federação;14;Roraima;0;0;1;0;0;0;0;0;0;0;0;1;2
2024;2024*;1;Óbitos por residência;400001;Causas evitáveis;1;Notificação de óbitos infantis e fetais;1;Número de óbitos;4;Via pública;0;Todos;4006;Infantil;0;Todos;0;Todos;3;Unidade da federação;15;Pará;2;1;2;2;1;0;1;0;1;0;1;0;11
2024;2024*;1;Óbitos por residência;400001;Causas evitáveis;1;Notificação de óbitos infantis e fetais;1;Número de óbitos;4;Via pública;0;Todos;4006;Infantil;0;Todos;0;Todos;3;Unidade da federação;16;Amapá;0;0;0;0;0;0;0;0;0;1;0;0;1
2024;2024*;1;Óbitos por residência;400001;Causas evitáveis;1;Notificação de óbitos infantis e fetais;1;Número de óbitos;4;Via pública;0;Todos;4006;Infantil;0;Todos;0;Todos;3;Unidade da federação;17;Tocantins;2;0;0;0;1;0;1;0;0;0;0;0;4
2024;2024*;1;Óbitos por residência;400001;Causas evitáveis;1;Notificação de óbitos infantis e fetais;1;Número de óbitos;4;Via pública;0;Todos;4006;Infantil;0;Todos;0;Todos;2;Região;2;Nordeste;4;3;4;3;3;4;2;4;6;2;4;2;41
2024;2024*;1;Óbitos por residência;400001;Causas evitáveis;1;Notificação de óbitos infantis e fetais;1;Número de óbitos;4;Via pública;0;Todos;4006;Infantil;0;Todos;0;Todos;3;Unidade da federação;21;Maranhão;2;2;1;0;1;1;0;1;2;2;2;1;15
2024;2024*;1;Óbitos por residência;400001;Causas evitáveis;1;Notificação de óbitos infantis e fetais;1;Número de óbitos;4;Via pública;0;Todos;4006;Infantil;0;Todos;0;Todos;3;Unidade da federação;22;Piauí;0;0;1;0;0;0;0;1;0;0;0;1;3
2024;2024*;1;Óbitos por residência;400001;Causas evitáveis;1;Notificação de óbitos infantis e fetais;1;Número de óbitos;4;Via pública;0;Todos;4006;Infantil;0;Todos;0;Todos;3;Unidade da federação;23;Ceará;0;0;0;0;0;0;0;0;0;0;1;0;1
2024;2024*;1;Óbitos por residência;400001;Causas evitáveis;1;Notificação de óbitos infantis e fetais;1;Número de óbitos;4;Via pública;0;Todos;4006;Infantil;0;Todos;0;Todos;3;Unidade da federação;24;Rio Grande do Norte;0;0;0;0;0;0;0;0;0;0;0;0;0
2024;2024*;1;Óbitos por residência;400001;Causas evitáveis;1;Notificação de óbitos infantis e fetais;1;Número de óbitos;4;Via pública;0;Todos;4006;Infantil;0;Todos;0;Todos;3;Unidade da federação;25;Paraíba;0;0;1;1;0;0;0;1;0;0;0;0;3
2024;2024*;1;Óbitos por residência;400001;Causas evitáveis;1;Notificação de óbitos infantis e fetais;1;Número de óbitos;4;Via pública;0;Todos;4006;Infantil;0;Todos;0;Todos;3;Unidade da federação;26;Pernambuco;1;1;0;2;0;1;1;0;3;0;1;0;10
2024;2024*;1;Óbitos por residência;400001;Causas evitáveis;1;Notificação de óbitos infantis e fetais;1;Número de óbitos;4;Via pública;0;Todos;4006;Infantil;0;Todos;0;Todos;3;Unidade da federação;27;Alagoas;0;0;0;0;0;0;0;0;0;0;0;0;0
2024;2024*;1;Óbitos por residência;400001;Causas evitáveis;1;Notificação de óbitos infantis e fetais;1;Número de óbitos;4;Via pública;0;Todos;4006;Infantil;0;Todos;0;Todos;3;Unidade da federação;28;Sergipe;0;0;1;0;0;0;0;0;1;0;0;0;2
2024;2024*;1;Óbitos por residência;400001;Causas evitáveis;1;Notificação de óbitos infantis e fetais;1;Número de óbitos;4;Via pública;0;Todos;4006;Infantil;0;Todos;0;Todos;3;Unidade da federação;29;Bahia;1;0;0;0;2;2;1;1;0;0;0;0;7
2024;2024*;1;Óbitos por residência;400001;Causas evitáveis;1;Notificação de óbitos infantis e fetais;1;Número de óbitos;4;Via pública;0;Todos;4006;Infantil;0;Todos;0;Todos;2;Região;3;Sudeste;3;1;1;1;0;0;1;1;2;0;3;0;13
2024;2024*;1;Óbitos por residência;400001;Causas evitáveis;1;Notificação de óbitos infantis e fetais;1;Número de óbitos;4;Via pública;0;Todos;4006;Infantil;0;Todos;0;Todos;3;Unidade da federação;31;Minas Gerais;0;0;1;0;0;0;0;0;0;0;1;0;2
2024;2024*;1;Óbitos por residência;400001;Causas evitáveis;1;Notificação de óbitos infantis e fetais;1;Número de óbitos;4;Via pública;0;Todos;4006;Infantil;0;Todos;0;Todos;3;Unidade da federação;32;Espírito Santo;0;1;0;0;0;0;0;0;0;0;0;0;1
2024;2024*;1;Óbitos por residência;400001;Causas evitáveis;1;Notificação de óbitos infantis e fetais;1;Número de óbitos;4;Via pública;0;Todos;4006;Infantil;0;Todos;0;Todos;3;Unidade da federação;33;Rio de Janeiro;1;0;0;1;0;0;0;0;1;0;1;0;4
2024;2024*;1;Óbitos por residência;400001;Causas evitáveis;1;Notificação de óbitos infantis e fetais;1;Número de óbitos;4;Via pública;0;Todos;4006;Infantil;0;Todos;0;Todos;3;Unidade da federação;35;São Paulo;2;0;0;0;0;0;1;1;1;0;1;0;6
2024;2024*;1;Óbitos por residência;400001;Causas evitáveis;1;Notificação de óbitos infantis e fetais;1;Número de óbitos;4;Via pública;0;Todos;4006;Infantil;0;Todos;0;Todos;2;Região;4;Sul;1;0;1;0;3;1;2;0;0;2;0;0;10
2024;2024*;1;Óbitos por residência;400001;Causas evitáveis;1;Notificação de óbitos infantis e fetais;1;Número de óbitos;4;Via pública;0;Todos;4006;Infantil;0;Todos;0;Todos;3;Unidade da federação;41;Paraná;1;0;0;0;1;0;1;0;0;0;0;0;3
2024;2024*;1;Óbitos por residência;400001;Causas evitáveis;1;Notificação de óbitos infantis e fetais;1;Número de óbitos;4;Via pública;0;Todos;4006;Infantil;0;Todos;0;Todos;3;Unidade da federação;42;Santa Catarina;0;0;0;0;0;1;1;0;0;1;0;0;3
2024;2024*;1;Óbitos por residência;400001;Causas evitáveis;1;Notificação de óbitos infantis e fetais;1;Número de óbitos;4;Via pública;0;Todos;4006;Infantil;0;Todos;0;Todos;3;Unidade da federação;43;Rio Grande do Sul;0;0;1;0;2;0;0;0;0;1;0;0;4
2024;2024*;1;Óbitos por residência;400001;Causas evitáveis;1;Notificação de óbitos infantis e fetais;1;Número de óbitos;4;Via pública;0;Todos;4006;Infantil;0;Todos;0;Todos;2;Região;5;Centro-Oeste;0;0;1;0;2;1;0;3;1;1;0;1;10
2024;2024*;1;Óbitos por residência;400001;Causas evitáveis;1;Notificação de óbitos infantis e fetais;1;Número de óbitos;4;Via pública;0;Todos;4006;Infantil;0;Todos;0;Todos;3;Unidade da federação;50;Mato Grosso do Sul;0;0;0;0;0;0;0;1;1;0;0;1;3
2024;2024*;1;Óbitos por residência;400001;Causas evitáveis;1;Notificação de óbitos infantis e fetais;1;Número de óbitos;4;Via pública;0;Todos;4006;Infantil;0;Todos;0;Todos;3;Unidade da federação;51;Mato Grosso;0;0;1;0;1;0;0;2;0;0;0;0;4
2024;2024*;1;Óbitos por residência;400001;Causas evitáveis;1;Notificação de óbitos infantis e fetais;1;Número de óbitos;4;Via pública;0;Todos;4006;Infantil;0;Todos;0;Todos;3;Unidade da federação;52;Goiás;0;0;0;0;1;1;0;0;0;1;0;0;3
2024;2024*;1;Óbitos por residência;400001;Causas evitáveis;1;Notificação de óbitos infantis e fetais;1;Número de óbitos;4;Via pública;0;Todos;4006;Infantil;0;Todos;0;Todos;3;Unidade da federação;53;Distrito Federal;0;0;0;0;0;0;0;0;0;0;0;0;0
2024;2024*;1;Óbitos por residência;400001;Causas evitáveis;1;Notificação de óbitos infantis e fetais;1;Número de óbitos;5;Outros;0;Todos;4006;Infantil;0;Todos;0;Todos;1;País;76;Brasil;26;11;14;14;24;19;20;22;15;17;13;7;202
2024;2024*;1;Óbitos por residência;400001;Causas evitáveis;1;Notificação de óbitos infantis e fetais;1;Número de óbitos;5;Outros;0;Todos;4006;Infantil;0;Todos;0;Todos;2;Região;1;Norte;6;3;5;4;6;4;5;7;4;3;1;1;49
2024;2024*;1;Óbitos por residência;400001;Causas evitáveis;1;Notificação de óbitos infantis e fetais;1;Número de óbitos;5;Outros;0;Todos;4006;Infantil;0;Todos;0;Todos;3;Unidade da federação;11;Rondônia;0;0;0;0;0;0;0;0;0;0;0;0;0
2024;2024*;1;Óbitos por residência;400001;Causas evitáveis;1;Notificação de óbitos infantis e fetais;1;Número de óbitos;5;Outros;0;Todos;4006;Infantil;0;Todos;0;Todos;3;Unidade da federação;12;Acre;1;0;0;0;0;0;0;0;0;0;0;0;1
2024;2024*;1;Óbitos por residência;400001;Causas evitáveis;1;Notificação de óbitos infantis e fetais;1;Número de óbitos;5;Outros;0;Todos;4006;Infantil;0;Todos;0;Todos;3;Unidade da federação;13;Amazonas;2;0;5;2;2;1;1;2;1;1;0;0;17
2024;2024*;1;Óbitos por residência;400001;Causas evitáveis;1;Notificação de óbitos infantis e fetais;1;Número de óbitos;5;Outros;0;Todos;4006;Infantil;0;Todos;0;Todos;3;Unidade da federação;14;Roraima;2;2;0;1;3;2;2;4;1;1;0;0;18
2024;2024*;1;Óbitos por residência;400001;Causas evitáveis;1;Notificação de óbitos infantis e fetais;1;Número de óbitos;5;Outros;0;Todos;4006;Infantil;0;Todos;0;Todos;3;Unidade da federação;15;Pará;1;0;0;1;1;1;2;1;2;1;1;0;11
2024;2024*;1;Óbitos por residência;400001;Causas evitáveis;1;Notificação de óbitos infantis e fetais;1;Número de óbitos;5;Outros;0;Todos;4006;Infantil;0;Todos;0;Todos;3;Unidade da federação;16;Amapá;0;0;0;0;0;0;0;0;0;0;0;0;0
2024;2024*;1;Óbitos por residência;400001;Causas evitáveis;1;Notificação de óbitos infantis e fetais;1;Número de óbitos;5;Outros;0;Todos;4006;Infantil;0;Todos;0;Todos;3;Unidade da federação;17;Tocantins;0;1;0;0;0;0;0;0;0;0;0;1;2
2024;2024*;1;Óbitos por residência;400001;Causas evitáveis;1;Notificação de óbitos infantis e fetais;1;Número de óbitos;5;Outros;0;Todos;4006;Infantil;0;Todos;0;Todos;2;Região;2;Nordeste;10;6;5;7;6;5;4;6;5;8;5;4;71
2024;2024*;1;Óbitos por residência;400001;Causas evitáveis;1;Notificação de óbitos infantis e fetais;1;Número de óbitos;5;Outros;0;Todos;4006;Infantil;0;Todos;0;Todos;3;Unidade da federação;21;Maranhão;2;1;3;1;2;2;2;1;0;2;2;1;19
2024;2024*;1;Óbitos por residência;400001;Causas evitáveis;1;Notificação de óbitos infantis e fetais;1;Número de óbitos;5;Outros;0;Todos;4006;Infantil;0;Todos;0;Todos;3;Unidade da federação;22;Piauí;2;2;0;1;1;0;1;1;0;0;0;0;8
2024;2024*;1;Óbitos por residência;400001;Causas evitáveis;1;Notificação de óbitos infantis e fetais;1;Número de óbitos;5;Outros;0;Todos;4006;Infantil;0;Todos;0;Todos;3;Unidade da federação;23;Ceará;1;1;0;1;1;0;0;0;1;1;0;2;8
2024;2024*;1;Óbitos por residência;400001;Causas evitáveis;1;Notificação de óbitos infantis e fetais;1;Número de óbitos;5;Outros;0;Todos;4006;Infantil;0;Todos;0;Todos;3;Unidade da federação;24;Rio Grande do Norte;1;0;0;0;1;1;0;0;0;0;0;0;3
2024;2024*;1;Óbitos por residência;400001;Causas evitáveis;1;Notificação de óbitos infantis e fetais;1;Número de óbitos;5;Outros;0;Todos;4006;Infantil;0;Todos;0;Todos;3;Unidade da federação;25;Paraíba;1;0;0;0;1;1;0;1;2;1;0;0;7
2024;2024*;1;Óbitos por residência;400001;Causas evitáveis;1;Notificação de óbitos infantis e fetais;1;Número de óbitos;5;Outros;0;Todos;4006;Infantil;0;Todos;0;Todos;3;Unidade da federação;26;Pernambuco;0;0;0;1;0;1;0;0;1;2;2;0;7
2024;2024*;1;Óbitos por residência;400001;Causas evitáveis;1;Notificação de óbitos infantis e fetais;1;Número de óbitos;5;Outros;0;Todos;4006;Infantil;0;Todos;0;Todos;3;Unidade da federação;27;Alagoas;0;0;0;0;0;0;1;2;1;1;0;0;5
2024;2024*;1;Óbitos por residência;400001;Causas evitáveis;1;Notificação de óbitos infantis e fetais;1;Número de óbitos;5;Outros;0;Todos;4006;Infantil;0;Todos;0;Todos;3;Unidade da federação;28;Sergipe;0;0;0;0;0;0;0;0;0;0;0;0;0
2024;2024*;1;Óbitos por residência;400001;Causas evitáveis;1;Notificação de óbitos infantis e fetais;1;Número de óbitos;5;Outros;0;Todos;4006;Infantil;0;Todos;0;Todos;3;Unidade da federação;29;Bahia;3;2;2;3;0;0;0;1;0;1;1;1;14
2024;2024*;1;Óbitos por residência;400001;Causas evitáveis;1;Notificação de óbitos infantis e fetais;1;Número de óbitos;5;Outros;0;Todos;4006;Infantil;0;Todos;0;Todos;2;Região;3;Sudeste;3;1;0;2;4;2;3;3;2;1;3;1;25
2024;2024*;1;Óbitos por residência;400001;Causas evitáveis;1;Notificação de óbitos infantis e fetais;1;Número de óbitos;5;Outros;0;Todos;4006;Infantil;0;Todos;0;Todos;3;Unidade da federação;31;Minas Gerais;2;1;0;0;0;0;0;0;0;0;0;0;3
2024;2024*;1;Óbitos por residência;400001;Causas evitáveis;1;Notificação de óbitos infantis e fetais;1;Número de óbitos;5;Outros;0;Todos;4006;Infantil;0;Todos;0;Todos;3;Unidade da federação;32;Espírito Santo;0;0;0;1;1;1;0;0;0;1;0;0;4
2024;2024*;1;Óbitos por residência;400001;Causas evitáveis;1;Notificação de óbitos infantis e fetais;1;Número de óbitos;5;Outros;0;Todos;4006;Infantil;0;Todos;0;Todos;3;Unidade da federação;33;Rio de Janeiro;0;0;0;1;0;0;2;2;1;0;1;0;7
2024;2024*;1;Óbitos por residência;400001;Causas evitáveis;1;Notificação de óbitos infantis e fetais;1;Número de óbitos;5;Outros;0;Todos;4006;Infantil;0;Todos;0;Todos;3;Unidade da federação;35;São Paulo;1;0;0;0;3;1;1;1;1;0;2;1;11
2024;2024*;1;Óbitos por residência;400001;Causas evitáveis;1;Notificação de óbitos infantis e fetais;1;Número de óbitos;5;Outros;0;Todos;4006;Infantil;0;Todos;0;Todos;2;Região;4;Sul;4;0;4;1;5;5;6;4;2;5;2;1;39
2024;2024*;1;Óbitos por residência;400001;Causas evitáveis;1;Notificação de óbitos infantis e fetais;1;Número de óbitos;5;Outros;0;Todos;4006;Infantil;0;Todos;0;Todos;3;Unidade da federação;41;Paraná;3;0;1;1;1;0;3;4;1;2;1;0;17
2024;2024*;1;Óbitos por residência;400001;Causas evitáveis;1;Notificação de óbitos infantis e fetais;1;Número de óbitos;5;Outros;0;Todos;4006;Infantil;0;Todos;0;Todos;3;Unidade da federação;42;Santa Catarina;1;0;1;0;1;1;1;0;1;2;0;0;8
2024;2024*;1;Óbitos por residência;400001;Causas evitáveis;1;Notificação de óbitos infantis e fetais;1;Número de óbitos;5;Outros;0;Todos;4006;Infantil;0;Todos;0;Todos;3;Unidade da federação;43;Rio Grande do Sul;0;0;2;0;3;4;2;0;0;1;1;1;14
2024;2024*;1;Óbitos por residência;400001;Causas evitáveis;1;Notificação de óbitos infantis e fetais;1;Número de óbitos;5;Outros;0;Todos;4006;Infantil;0;Todos;0;Todos;2;Região;5;Centro-Oeste;3;1;0;0;3;3;2;2;2;0;2;0;18
2024;2024*;1;Óbitos por residência;400001;Causas evitáveis;1;Notificação de óbitos infantis e fetais;1;Número de óbitos;5;Outros;0;Todos;4006;Infantil;0;Todos;0;Todos;3;Unidade da federação;50;Mato Grosso do Sul;3;0;0;0;0;0;1;0;0;0;0;0;4
2024;2024*;1;Óbitos por residência;400001;Causas evitáveis;1;Notificação de óbitos infantis e fetais;1;Número de óbitos;5;Outros;0;Todos;4006;Infantil;0;Todos;0;Todos;3;Unidade da federação;51;Mato Grosso;0;1;0;0;2;1;0;0;0;0;1;0;5
2024;2024*;1;Óbitos por residência;400001;Causas evitáveis;1;Notificação de óbitos infantis e fetais;1;Número de óbitos;5;Outros;0;Todos;4006;Infantil;0;Todos;0;Todos;3;Unidade da federação;52;Goiás;0;0;0;0;1;2;1;1;1;0;1;0;7
2024;2024*;1;Óbitos por residência;400001;Causas evitáveis;1;Notificação de óbitos infantis e fetais;1;Número de óbitos;5;Outros;0;Todos;4006;Infantil;0;Todos;0;Todos;3;Unidade da federação;53;Distrito Federal;0;0;0;0;0;0;0;1;1;0;0;0;2
2024;2024*;1;Óbitos por residência;400001;Causas evitáveis;1;Notificação de óbitos infantis e fetais;1;Número de óbitos;6;Aldeia Indígena;0;Todos;4006;Infantil;0;Todos;0;Todos;1;País;76;Brasil;1;1;1;1;2;2;2;0;0;0;0;0;10
2024;2024*;1;Óbitos por residência;400001;Causas evitáveis;1;Notificação de óbitos infantis e fetais;1;Número de óbitos;6;Aldeia Indígena;0;Todos;4006;Infantil;0;Todos;0;Todos;2;Região;1;Norte;1;1;1;1;2;2;2;0;0;0;0;0;10
2024;2024*;1;Óbitos por residência;400001;Causas evitáveis;1;Notificação de óbitos infantis e fetais;1;Número de óbitos;6;Aldeia Indígena;0;Todos;4006;Infantil;0;Todos;0;Todos;3;Unidade da federação;11;Rondônia;0;0;0;0;0;0;0;0;0;0;0;0;0
2024;2024*;1;Óbitos por residência;400001;Causas evitáveis;1;Notificação de óbitos infantis e fetais;1;Número de óbitos;6;Aldeia Indígena;0;Todos;4006;Infantil;0;Todos;0;Todos;3;Unidade da federação;12;Acre;0;0;0;0;0;0;1;0;0;0;0;0;1
2024;2024*;1;Óbitos por residência;400001;Causas evitáveis;1;Notificação de óbitos infantis e fetais;1;Número de óbitos;6;Aldeia Indígena;0;Todos;4006;Infantil;0;Todos;0;Todos;3;Unidade da federação;13;Amazonas;1;1;1;0;0;2;1;0;0;0;0;0;6
2024;2024*;1;Óbitos por residência;400001;Causas evitáveis;1;Notificação de óbitos infantis e fetais;1;Número de óbitos;6;Aldeia Indígena;0;Todos;4006;Infantil;0;Todos;0;Todos;3;Unidade da federação;14;Roraima;0;0;0;0;0;0;0;0;0;0;0;0;0
2024;2024*;1;Óbitos por residência;400001;Causas evitáveis;1;Notificação de óbitos infantis e fetais;1;Número de óbitos;6;Aldeia Indígena;0;Todos;4006;Infantil;0;Todos;0;Todos;3;Unidade da federação;15;Pará;0;0;0;1;2;0;0;0;0;0;0;0;3
2024;2024*;1;Óbitos por residência;400001;Causas evitáveis;1;Notificação de óbitos infantis e fetais;1;Número de óbitos;6;Aldeia Indígena;0;Todos;4006;Infantil;0;Todos;0;Todos;3;Unidade da federação;16;Amapá;0;0;0;0;0;0;0;0;0;0;0;0;0
2024;2024*;1;Óbitos por residência;400001;Causas evitáveis;1;Notificação de óbitos infantis e fetais;1;Número de óbitos;6;Aldeia Indígena;0;Todos;4006;Infantil;0;Todos;0;Todos;3;Unidade da federação;17;Tocantins;0;0;0;0;0;0;0;0;0;0;0;0;0
2024;2024*;1;Óbitos por residência;400001;Causas evitáveis;1;Notificação de óbitos infantis e fetais;1;Número de óbitos;6;Aldeia Indígena;0;Todos;4006;Infantil;0;Todos;0;Todos;2;Região;2;Nordeste;0;0;0;0;0;0;0;0;0;0;0;0;0
2024;2024*;1;Óbitos por residência;400001;Causas evitáveis;1;Notificação de óbitos infantis e fetais;1;Número de óbitos;6;Aldeia Indígena;0;Todos;4006;Infantil;0;Todos;0;Todos;3;Unidade da federação;21;Maranhão;0;0;0;0;0;0;0;0;0;0;0;0;0
2024;2024*;1;Óbitos por residência;400001;Causas evitáveis;1;Notificação de óbitos infantis e fetais;1;Número de óbitos;6;Aldeia Indígena;0;Todos;4006;Infantil;0;Todos;0;Todos;3;Unidade da federação;22;Piauí;0;0;0;0;0;0;0;0;0;0;0;0;0
2024;2024*;1;Óbitos por residência;400001;Causas evitáveis;1;Notificação de óbitos infantis e fetais;1;Número de óbitos;6;Aldeia Indígena;0;Todos;4006;Infantil;0;Todos;0;Todos;3;Unidade da federação;23;Ceará;0;0;0;0;0;0;0;0;0;0;0;0;0
2024;2024*;1;Óbitos por residência;400001;Causas evitáveis;1;Notificação de óbitos infantis e fetais;1;Número de óbitos;6;Aldeia Indígena;0;Todos;4006;Infantil;0;Todos;0;Todos;3;Unidade da federação;24;Rio Grande do Norte;0;0;0;0;0;0;0;0;0;0;0;0;0
2024;2024*;1;Óbitos por residência;400001;Causas evitáveis;1;Notificação de óbitos infantis e fetais;1;Número de óbitos;6;Aldeia Indígena;0;Todos;4006;Infantil;0;Todos;0;Todos;3;Unidade da federação;25;Paraíba;0;0;0;0;0;0;0;0;0;0;0;0;0
2024;2024*;1;Óbitos por residência;400001;Causas evitáveis;1;Notificação de óbitos infantis e fetais;1;Número de óbitos;6;Aldeia Indígena;0;Todos;4006;Infantil;0;Todos;0;Todos;3;Unidade da federação;26;Pernambuco;0;0;0;0;0;0;0;0;0;0;0;0;0
2024;2024*;1;Óbitos por residência;400001;Causas evitáveis;1;Notificação de óbitos infantis e fetais;1;Número de óbitos;6;Aldeia Indígena;0;Todos;4006;Infantil;0;Todos;0;Todos;3;Unidade da federação;27;Alagoas;0;0;0;0;0;0;0;0;0;0;0;0;0
2024;2024*;1;Óbitos por residência;400001;Causas evitáveis;1;Notificação de óbitos infantis e fetais;1;Número de óbitos;6;Aldeia Indígena;0;Todos;4006;Infantil;0;Todos;0;Todos;3;Unidade da federação;28;Sergipe;0;0;0;0;0;0;0;0;0;0;0;0;0
2024;2024*;1;Óbitos por residência;400001;Causas evitáveis;1;Notificação de óbitos infantis e fetais;1;Número de óbitos;6;Aldeia Indígena;0;Todos;4006;Infantil;0;Todos;0;Todos;3;Unidade da federação;29;Bahia;0;0;0;0;0;0;0;0;0;0;0;0;0
2024;2024*;1;Óbitos por residência;400001;Causas evitáveis;1;Notificação de óbitos infantis e fetais;1;Número de óbitos;6;Aldeia Indígena;0;Todos;4006;Infantil;0;Todos;0;Todos;2;Região;3;Sudeste;0;0;0;0;0;0;0;0;0;0;0;0;0
2024;2024*;1;Óbitos por residência;400001;Causas evitáveis;1;Notificação de óbitos infantis e fetais;1;Número de óbitos;6;Aldeia Indígena;0;Todos;4006;Infantil;0;Todos;0;Todos;3;Unidade da federação;31;Minas Gerais;0;0;0;0;0;0;0;0;0;0;0;0;0
2024;2024*;1;Óbitos por residência;400001;Causas evitáveis;1;Notificação de óbitos infantis e fetais;1;Número de óbitos;6;Aldeia Indígena;0;Todos;4006;Infantil;0;Todos;0;Todos;3;Unidade da federação;32;Espírito Santo;0;0;0;0;0;0;0;0;0;0;0;0;0
2024;2024*;1;Óbitos por residência;400001;Causas evitáveis;1;Notificação de óbitos infantis e fetais;1;Número de óbitos;6;Aldeia Indígena;0;Todos;4006;Infantil;0;Todos;0;Todos;3;Unidade da federação;33;Rio de Janeiro;0;0;0;0;0;0;0;0;0;0;0;0;0
2024;2024*;1;Óbitos por residência;400001;Causas evitáveis;1;Notificação de óbitos infantis e fetais;1;Número de óbitos;6;Aldeia Indígena;0;Todos;4006;Infantil;0;Todos;0;Todos;3;Unidade da federação;35;São Paulo;0;0;0;0;0;0;0;0;0;0;0;0;0
2024;2024*;1;Óbitos por residência;400001;Causas evitáveis;1;Notificação de óbitos infantis e fetais;1;Número de óbitos;6;Aldeia Indígena;0;Todos;4006;Infantil;0;Todos;0;Todos;2;Região;4;Sul;0;0;0;0;0;0;0;0;0;0;0;0;0
2024;2024*;1;Óbitos por residência;400001;Causas evitáveis;1;Notificação de óbitos infantis e fetais;1;Número de óbitos;6;Aldeia Indígena;0;Todos;4006;Infantil;0;Todos;0;Todos;3;Unidade da federação;41;Paraná;0;0;0;0;0;0;0;0;0;0;0;0;0
2024;2024*;1;Óbitos por residência;400001;Causas evitáveis;1;Notificação de óbitos infantis e fetais;1;Número de óbitos;6;Aldeia Indígena;0;Todos;4006;Infantil;0;Todos;0;Todos;3;Unidade da federação;42;Santa Catarina;0;0;0;0;0;0;0;0;0;0;0;0;0
2024;2024*;1;Óbitos por residência;400001;Causas evitáveis;1;Notificação de óbitos infantis e fetais;1;Número de óbitos;6;Aldeia Indígena;0;Todos;4006;Infantil;0;Todos;0;Todos;3;Unidade da federação;43;Rio Grande do Sul;0;0;0;0;0;0;0;0;0;0;0;0;0
2024;2024*;1;Óbitos por residência;400001;Causas evitáveis;1;Notificação de óbitos infantis e fetais;1;Número de óbitos;6;Aldeia Indígena;0;Todos;4006;Infantil;0;Todos;0;Todos;2;Região;5;Centro-Oeste;0;0;0;0;0;0;0;0;0;0;0;0;0
2024;2024*;1;Óbitos por residência;400001;Causas evitáveis;1;Notificação de óbitos infantis e fetais;1;Número de óbitos;6;Aldeia Indígena;0;Todos;4006;Infantil;0;Todos;0;Todos;3;Unidade da federação;50;Mato Grosso do Sul;0;0;0;0;0;0;0;0;0;0;0;0;0
2024;2024*;1;Óbitos por residência;400001;Causas evitáveis;1;Notificação de óbitos infantis e fetais;1;Número de óbitos;6;Aldeia Indígena;0;Todos;4006;Infantil;0;Todos;0;Todos;3;Unidade da federação;51;Mato Grosso;0;0;0;0;0;0;0;0;0;0;0;0;0
2024;2024*;1;Óbitos por residência;400001;Causas evitáveis;1;Notificação de óbitos infantis e fetais;1;Número de óbitos;6;Aldeia Indígena;0;Todos;4006;Infantil;0;Todos;0;Todos;3;Unidade da federação;52;Goiás;0;0;0;0;0;0;0;0;0;0;0;0;0
2024;2024*;1;Óbitos por residência;400001;Causas evitáveis;1;Notificação de óbitos infantis e fetais;1;Número de óbitos;6;Aldeia Indígena;0;Todos;4006;Infantil;0;Todos;0;Todos;3;Unidade da federação;53;Distrito Federal;0;0;0;0;0;0;0;0;0;0;0;0;0
2024;2024*;1;Óbitos por residência;400001;Causas evitáveis;1;Notificação de óbitos infantis e fetais;1;Número de óbitos;9;Branco/Ignorado;0;Todos;4006;Infantil;0;Todos;0;Todos;1;País;76;Brasil;0;0;1;1;0;0;0;1;1;0;0;0;4
2024;2024*;1;Óbitos por residência;400001;Causas evitáveis;1;Notificação de óbitos infantis e fetais;1;Número de óbitos;9;Branco/Ignorado;0;Todos;4006;Infantil;0;Todos;0;Todos;2;Região;1;Norte;0;0;0;0;0;0;0;0;0;0;0;0;0
2024;2024*;1;Óbitos por residência;400001;Causas evitáveis;1;Notificação de óbitos infantis e fetais;1;Número de óbitos;9;Branco/Ignorado;0;Todos;4006;Infantil;0;Todos;0;Todos;3;Unidade da federação;11;Rondônia;0;0;0;0;0;0;0;0;0;0;0;0;0
2024;2024*;1;Óbitos por residência;400001;Causas evitáveis;1;Notificação de óbitos infantis e fetais;1;Número de óbitos;9;Branco/Ignorado;0;Todos;4006;Infantil;0;Todos;0;Todos;3;Unidade da federação;12;Acre;0;0;0;0;0;0;0;0;0;0;0;0;0
2024;2024*;1;Óbitos por residência;400001;Causas evitáveis;1;Notificação de óbitos infantis e fetais;1;Número de óbitos;9;Branco/Ignorado;0;Todos;4006;Infantil;0;Todos;0;Todos;3;Unidade da federação;13;Amazonas;0;0;0;0;0;0;0;0;0;0;0;0;0
2024;2024*;1;Óbitos por residência;400001;Causas evitáveis;1;Notificação de óbitos infantis e fetais;1;Número de óbitos;9;Branco/Ignorado;0;Todos;4006;Infantil;0;Todos;0;Todos;3;Unidade da federação;14;Roraima;0;0;0;0;0;0;0;0;0;0;0;0;0
2024;2024*;1;Óbitos por residência;400001;Causas evitáveis;1;Notificação de óbitos infantis e fetais;1;Número de óbitos;9;Branco/Ignorado;0;Todos;4006;Infantil;0;Todos;0;Todos;3;Unidade da federação;15;Pará;0;0;0;0;0;0;0;0;0;0;0;0;0
2024;2024*;1;Óbitos por residência;400001;Causas evitáveis;1;Notificação de óbitos infantis e fetais;1;Número de óbitos;9;Branco/Ignorado;0;Todos;4006;Infantil;0;Todos;0;Todos;3;Unidade da federação;16;Amapá;0;0;0;0;0;0;0;0;0;0;0;0;0
2024;2024*;1;Óbitos por residência;400001;Causas evitáveis;1;Notificação de óbitos infantis e fetais;1;Número de óbitos;9;Branco/Ignorado;0;Todos;4006;Infantil;0;Todos;0;Todos;3;Unidade da federação;17;Tocantins;0;0;0;0;0;0;0;0;0;0;0;0;0
2024;2024*;1;Óbitos por residência;400001;Causas evitáveis;1;Notificação de óbitos infantis e fetais;1;Número de óbitos;9;Branco/Ignorado;0;Todos;4006;Infantil;0;Todos;0;Todos;2;Região;2;Nordeste;0;0;1;1;0;0;0;0;0;0;0;0;2
2024;2024*;1;Óbitos por residência;400001;Causas evitáveis;1;Notificação de óbitos infantis e fetais;1;Número de óbitos;9;Branco/Ignorado;0;Todos;4006;Infantil;0;Todos;0;Todos;3;Unidade da federação;21;Maranhão;0;0;0;1;0;0;0;0;0;0;0;0;1
2024;2024*;1;Óbitos por residência;400001;Causas evitáveis;1;Notificação de óbitos infantis e fetais;1;Número de óbitos;9;Branco/Ignorado;0;Todos;4006;Infantil;0;Todos;0;Todos;3;Unidade da federação;22;Piauí;0;0;0;0;0;0;0;0;0;0;0;0;0
2024;2024*;1;Óbitos por residência;400001;Causas evitáveis;1;Notificação de óbitos infantis e fetais;1;Número de óbitos;9;Branco/Ignorado;0;Todos;4006;Infantil;0;Todos;0;Todos;3;Unidade da federação;23;Ceará;0;0;0;0;0;0;0;0;0;0;0;0;0
2024;2024*;1;Óbitos por residência;400001;Causas evitáveis;1;Notificação de óbitos infantis e fetais;1;Número de óbitos;9;Branco/Ignorado;0;Todos;4006;Infantil;0;Todos;0;Todos;3;Unidade da federação;24;Rio Grande do Norte;0;0;0;0;0;0;0;0;0;0;0;0;0
2024;2024*;1;Óbitos por residência;400001;Causas evitáveis;1;Notificação de óbitos infantis e fetais;1;Número de óbitos;9;Branco/Ignorado;0;Todos;4006;Infantil;0;Todos;0;Todos;3;Unidade da federação;25;Paraíba;0;0;1;0;0;0;0;0;0;0;0;0;1
2024;2024*;1;Óbitos por residência;400001;Causas evitáveis;1;Notificação de óbitos infantis e fetais;1;Número de óbitos;9;Branco/Ignorado;0;Todos;4006;Infantil;0;Todos;0;Todos;3;Unidade da federação;26;Pernambuco;0;0;0;0;0;0;0;0;0;0;0;0;0
2024;2024*;1;Óbitos por residência;400001;Causas evitáveis;1;Notificação de óbitos infantis e fetais;1;Número de óbitos;9;Branco/Ignorado;0;Todos;4006;Infantil;0;Todos;0;Todos;3;Unidade da federação;27;Alagoas;0;0;0;0;0;0;0;0;0;0;0;0;0
2024;2024*;1;Óbitos por residência;400001;Causas evitáveis;1;Notificação de óbitos infantis e fetais;1;Número de óbitos;9;Branco/Ignorado;0;Todos;4006;Infantil;0;Todos;0;Todos;3;Unidade da federação;28;Sergipe;0;0;0;0;0;0;0;0;0;0;0;0;0
2024;2024*;1;Óbitos por residência;400001;Causas evitáveis;1;Notificação de óbitos infantis e fetais;1;Número de óbitos;9;Branco/Ignorado;0;Todos;4006;Infantil;0;Todos;0;Todos;3;Unidade da federação;29;Bahia;0;0;0;0;0;0;0;0;0;0;0;0;0
2024;2024*;1;Óbitos por residência;400001;Causas evitáveis;1;Notificação de óbitos infantis e fetais;1;Número de óbitos;9;Branco/Ignorado;0;Todos;4006;Infantil;0;Todos;0;Todos;2;Região;3;Sudeste;0;0;0;0;0;0;0;0;0;0;0;0;0
2024;2024*;1;Óbitos por residência;400001;Causas evitáveis;1;Notificação de óbitos infantis e fetais;1;Número de óbitos;9;Branco/Ignorado;0;Todos;4006;Infantil;0;Todos;0;Todos;3;Unidade da federação;31;Minas Gerais;0;0;0;0;0;0;0;0;0;0;0;0;0
2024;2024*;1;Óbitos por residência;400001;Causas evitáveis;1;Notificação de óbitos infantis e fetais;1;Número de óbitos;9;Branco/Ignorado;0;Todos;4006;Infantil;0;Todos;0;Todos;3;Unidade da federação;32;Espírito Santo;0;0;0;0;0;0;0;0;0;0;0;0;0
2024;2024*;1;Óbitos por residência;400001;Causas evitáveis;1;Notificação de óbitos infantis e fetais;1;Número de óbitos;9;Branco/Ignorado;0;Todos;4006;Infantil;0;Todos;0;Todos;3;Unidade da federação;33;Rio de Janeiro;0;0;0;0;0;0;0;0;0;0;0;0;0
2024;2024*;1;Óbitos por residência;400001;Causas evitáveis;1;Notificação de óbitos infantis e fetais;1;Número de óbitos;9;Branco/Ignorado;0;Todos;4006;Infantil;0;Todos;0;Todos;3;Unidade da federação;35;São Paulo;0;0;0;0;0;0;0;0;0;0;0;0;0
2024;2024*;1;Óbitos por residência;400001;Causas evitáveis;1;Notificação de óbitos infantis e fetais;1;Número de óbitos;9;Branco/Ignorado;0;Todos;4006;Infantil;0;Todos;0;Todos;2;Região;4;Sul;0;0;0;0;0;0;0;1;0;0;0;0;1
2024;2024*;1;Óbitos por residência;400001;Causas evitáveis;1;Notificação de óbitos infantis e fetais;1;Número de óbitos;9;Branco/Ignorado;0;Todos;4006;Infantil;0;Todos;0;Todos;3;Unidade da federação;41;Paraná;0;0;0;0;0;0;0;0;0;0;0;0;0
2024;2024*;1;Óbitos por residência;400001;Causas evitáveis;1;Notificação de óbitos infantis e fetais;1;Número de óbitos;9;Branco/Ignorado;0;Todos;4006;Infantil;0;Todos;0;Todos;3;Unidade da federação;42;Santa Catarina;0;0;0;0;0;0;0;0;0;0;0;0;0
2024;2024*;1;Óbitos por residência;400001;Causas evitáveis;1;Notificação de óbitos infantis e fetais;1;Número de óbitos;9;Branco/Ignorado;0;Todos;4006;Infantil;0;Todos;0;Todos;3;Unidade da federação;43;Rio Grande do Sul;0;0;0;0;0;0;0;1;0;0;0;0;1
2024;2024*;1;Óbitos por residência;400001;Causas evitáveis;1;Notificação de óbitos infantis e fetais;1;Número de óbitos;9;Branco/Ignorado;0;Todos;4006;Infantil;0;Todos;0;Todos;2;Região;5;Centro-Oeste;0;0;0;0;0;0;0;0;1;0;0;0;1
2024;2024*;1;Óbitos por residência;400001;Causas evitáveis;1;Notificação de óbitos infantis e fetais;1;Número de óbitos;9;Branco/Ignorado;0;Todos;4006;Infantil;0;Todos;0;Todos;3;Unidade da federação;50;Mato Grosso do Sul;0;0;0;0;0;0;0;0;1;0;0;0;1
2024;2024*;1;Óbitos por residência;400001;Causas evitáveis;1;Notificação de óbitos infantis e fetais;1;Número de óbitos;9;Branco/Ignorado;0;Todos;4006;Infantil;0;Todos;0;Todos;3;Unidade da federação;51;Mato Grosso;0;0;0;0;0;0;0;0;0;0;0;0;0
2024;2024*;1;Óbitos por residência;400001;Causas evitáveis;1;Notificação de óbitos infantis e fetais;1;Número de óbitos;9;Branco/Ignorado;0;Todos;4006;Infantil;0;Todos;0;Todos;3;Unidade da federação;52;Goiás;0;0;0;0;0;0;0;0;0;0;0;0;0
2024;2024*;1;Óbitos por residência;400001;Causas evitáveis;1;Notificação de óbitos infantis e fetais;1;Número de óbitos;9;Branco/Ignorado;0;Todos;4006;Infantil;0;Todos;0;Todos;3;Unidade da federação;53;Distrito Federal;0;0;0;0;0;0;0;0;0;0;0;0;0
2024;2024*;1;Óbitos por residência;400001;Causas evitáveis;1;Notificação de óbitos infantis e fetais;1;Número de óbitos;0;Todos;0;Todos;4006;Infantil;0;Todos;0;Todos;1;País;76;Brasil;1.710;1.579;1.706;1.776;1.873;1.602;1.613;1.538;1.477;1.494;1.330;778;18.476
2024;2024*;1;Óbitos por residência;400001;Causas evitáveis;1;Notificação de óbitos infantis e fetais;1;Número de óbitos;0;Todos;0;Todos;4006;Infantil;0;Todos;0;Todos;2;Região;1;Norte;228;222;213;227;240;214;210;236;216;201;206;123;2.536
2024;2024*;1;Óbitos por residência;400001;Causas evitáveis;1;Notificação de óbitos infantis e fetais;1;Número de óbitos;0;Todos;0;Todos;4006;Infantil;0;Todos;0;Todos;3;Unidade da federação;11;Rondônia;16;16;16;15;28;7;19;13;14;9;21;16;190
2024;2024*;1;Óbitos por residência;400001;Causas evitáveis;1;Notificação de óbitos infantis e fetais;1;Número de óbitos;0;Todos;0;Todos;4006;Infantil;0;Todos;0;Todos;3;Unidade da federação;12;Acre;9;14;13;11;10;9;16;10;12;13;9;4;130
2024;2024*;1;Óbitos por residência;400001;Causas evitáveis;1;Notificação de óbitos infantis e fetais;1;Número de óbitos;0;Todos;0;Todos;4006;Infantil;0;Todos;0;Todos;3;Unidade da federação;13;Amazonas;52;58;57;50;56;63;46;47;51;47;44;17;588
2024;2024*;1;Óbitos por residência;400001;Causas evitáveis;1;Notificação de óbitos infantis e fetais;1;Número de óbitos;0;Todos;0;Todos;4006;Infantil;0;Todos;0;Todos;3;Unidade da federação;14;Roraima;17;17;9;8;15;11;14;18;15;10;14;3;151
2024;2024*;1;Óbitos por residência;400001;Causas evitáveis;1;Notificação de óbitos infantis e fetais;1;Número de óbitos;0;Todos;0;Todos;4006;Infantil;0;Todos;0;Todos;3;Unidade da federação;15;Pará;106;92;96;114;101;95;85;116;99;98;91;59;1.152
2024;2024*;1;Óbitos por residência;400001;Causas evitáveis;1;Notificação de óbitos infantis e fetais;1;Número de óbitos;0;Todos;0;Todos;4006;Infantil;0;Todos;0;Todos;3;Unidade da federação;16;Amapá;7;12;8;14;11;15;11;14;11;15;9;8;135
2024;2024*;1;Óbitos por residência;400001;Causas evitáveis;1;Notificação de óbitos infantis e fetais;1;Número de óbitos;0;Todos;0;Todos;4006;Infantil;0;Todos;0;Todos;3;Unidade da federação;17;Tocantins;21;13;14;15;19;14;19;18;14;9;18;16;190
2024;2024*;1;Óbitos por residência;400001;Causas evitáveis;1;Notificação de óbitos infantis e fetais;1;Número de óbitos;0;Todos;0;Todos;4006;Infantil;0;Todos;0;Todos;2;Região;2;Nordeste;514;504;551;534;594;514;505;458;437;440;404;223;5.678
2024;2024*;1;Óbitos por residência;400001;Causas evitáveis;1;Notificação de óbitos infantis e fetais;1;Número de óbitos;0;Todos;0;Todos;4006;Infantil;0;Todos;0;Todos;3;Unidade da federação;21;Maranhão;64;78;72;75;69;81;72;73;68;64;72;40;828
2024;2024*;1;Óbitos por residência;400001;Causas evitáveis;1;Notificação de óbitos infantis e fetais;1;Número de óbitos;0;Todos;0;Todos;4006;Infantil;0;Todos;0;Todos;3;Unidade da federação;22;Piauí;32;31;43;35;31;20;34;24;38;30;17;35;370
2024;2024*;1;Óbitos por residência;400001;Causas evitáveis;1;Notificação de óbitos infantis e fetais;1;Número de óbitos;0;Todos;0;Todos;4006;Infantil;0;Todos;0;Todos;3;Unidade da federação;23;Ceará;66;46;74;56;71;59;66;61;57;57;63;24;700
2024;2024*;1;Óbitos por residência;400001;Causas evitáveis;1;Notificação de óbitos infantis e fetais;1;Número de óbitos;0;Todos;0;Todos;4006;Infantil;0;Todos;0;Todos;3;Unidade da federação;24;Rio Grande do Norte;33;24;32;26;27;30;23;32;30;22;23;14;316
2024;2024*;1;Óbitos por residência;400001;Causas evitáveis;1;Notificação de óbitos infantis e fetais;1;Número de óbitos;0;Todos;0;Todos;4006;Infantil;0;Todos;0;Todos;3;Unidade da federação;25;Paraíba;39;43;36;35;35;33;32;43;22;30;28;19;395
2024;2024*;1;Óbitos por residência;400001;Causas evitáveis;1;Notificação de óbitos infantis e fetais;1;Número de óbitos;0;Todos;0;Todos;4006;Infantil;0;Todos;0;Todos;3;Unidade da federação;26;Pernambuco;69;93;83;105;126;100;75;76;64;65;53;17;926
2024;2024*;1;Óbitos por residência;400001;Causas evitáveis;1;Notificação de óbitos infantis e fetais;1;Número de óbitos;0;Todos;0;Todos;4006;Infantil;0;Todos;0;Todos;3;Unidade da federação;27;Alagoas;47;27;38;40;52;40;49;34;35;32;30;13;437
2024;2024*;1;Óbitos por residência;400001;Causas evitáveis;1;Notificação de óbitos infantis e fetais;1;Número de óbitos;0;Todos;0;Todos;4006;Infantil;0;Todos;0;Todos;3;Unidade da federação;28;Sergipe;27;20;23;19;30;23;26;16;23;19;17;5;248
2024;2024*;1;Óbitos por residência;400001;Causas evitáveis;1;Notificação de óbitos infantis e fetais;1;Número de óbitos;0;Todos;0;Todos;4006;Infantil;0;Todos;0;Todos;3;Unidade da federação;29;Bahia;137;142;150;143;153;128;128;99;100;121;101;56;1.458
2024;2024*;1;Óbitos por residência;400001;Causas evitáveis;1;Notificação de óbitos infantis e fetais;1;Número de óbitos;0;Todos;0;Todos;4006;Infantil;0;Todos;0;Todos;2;Região;3;Sudeste;629;543;603;645;675;552;571;531;544;542;470;250;6.555
2024;2024*;1;Óbitos por residência;400001;Causas evitáveis;1;Notificação de óbitos infantis e fetais;1;Número de óbitos;0;Todos;0;Todos;4006;Infantil;0;Todos;0;Todos;3;Unidade da federação;31;Minas Gerais;153;110;135;169;164;129;126;122;118;140;78;27;1.471
2024;2024*;1;Óbitos por residência;400001;Causas evitáveis;1;Notificação de óbitos infantis e fetais;1;Número de óbitos;0;Todos;0;Todos;4006;Infantil;0;Todos;0;Todos;3;Unidade da federação;32;Espírito Santo;30;25;39;45;37;20;25;39;37;31;32;5;365
2024;2024*;1;Óbitos por residência;400001;Causas evitáveis;1;Notificação de óbitos infantis e fetais;1;Número de óbitos;0;Todos;0;Todos;4006;Infantil;0;Todos;0;Todos;3;Unidade da federação;33;Rio de Janeiro;142;133;123;143;155;116;119;106;105;100;95;64;1.401
2024;2024*;1;Óbitos por residência;400001;Causas evitáveis;1;Notificação de óbitos infantis e fetais;1;Número de óbitos;0;Todos;0;Todos;4006;Infantil;0;Todos;0;Todos;3;Unidade da federação;35;São Paulo;304;275;306;288;319;287;301;264;284;271;265;154;3.318
2024;2024*;1;Óbitos por residência;400001;Causas evitáveis;1;Notificação de óbitos infantis e fetais;1;Número de óbitos;0;Todos;0;Todos;4006;Infantil;0;Todos;0;Todos;2;Região;4;Sul;193;187;200;210;223;182;182;180;163;164;141;128;2.153
2024;2024*;1;Óbitos por residência;400001;Causas evitáveis;1;Notificação de óbitos infantis e fetais;1;Número de óbitos;0;Todos;0;Todos;4006;Infantil;0;Todos;0;Todos;3;Unidade da federação;41;Paraná;85;74;78;76;91;59;72;81;63;75;59;57;870
2024;2024*;1;Óbitos por residência;400001;Causas evitáveis;1;Notificação de óbitos infantis e fetais;1;Número de óbitos;0;Todos;0;Todos;4006;Infantil;0;Todos;0;Todos;3;Unidade da federação;42;Santa Catarina;52;49;52;63;62;60;43;48;45;48;35;29;586
2024;2024*;1;Óbitos por residência;400001;Causas evitáveis;1;Notificação de óbitos infantis e fetais;1;Número de óbitos;0;Todos;0;Todos;4006;Infantil;0;Todos;0;Todos;3;Unidade da federação;43;Rio Grande do Sul;56;64;70;71;70;63;67;51;55;41;47;42;697
2024;2024*;1;Óbitos por residência;400001;Causas evitáveis;1;Notificação de óbitos infantis e fetais;1;Número de óbitos;0;Todos;0;Todos;4006;Infantil;0;Todos;0;Todos;2;Região;5;Centro-Oeste;146;123;139;160;141;140;145;133;117;147;109;54;1.554
2024;2024*;1;Óbitos por residência;400001;Causas evitáveis;1;Notificação de óbitos infantis e fetais;1;Número de óbitos;0;Todos;0;Todos;4006;Infantil;0;Todos;0;Todos;3;Unidade da federação;50;Mato Grosso do Sul;26;23;23;23;26;21;30;27;19;31;21;13;283
2024;2024*;1;Óbitos por residência;400001;Causas evitáveis;1;Notificação de óbitos infantis e fetais;1;Número de óbitos;0;Todos;0;Todos;4006;Infantil;0;Todos;0;Todos;3;Unidade da federação;51;Mato Grosso;37;38;42;44;35;47;39;48;37;40;34;15;456
2024;2024*;1;Óbitos por residência;400001;Causas evitáveis;1;Notificação de óbitos infantis e fetais;1;Número de óbitos;0;Todos;0;Todos;4006;Infantil;0;Todos;0;Todos;3;Unidade da federação;52;Goiás;65;50;56;66;55;51;60;44;45;55;39;19;605
2024;2024*;1;Óbitos por residência;400001;Causas evitáveis;1;Notificação de óbitos infantis e fetais;1;Número de óbitos;0;Todos;0;Todos;4006;Infantil;0;Todos;0;Todos;3;Unidade da federação;53;Distrito Federal;18;12;18;27;25;21;16;14;16;21;15;7;210